age,weight,height,income_lpa,smoker,city,occupation,insurance_premium_category
55,109.6,1.56,40.98,True,Lucknow,doctor,High
26,89.0,1.89,16.68,True,Bangalore,government_job,Medium
45,57.9,1.61,37.54,True,Hyderabad,engineer,Medium
59,96.2,1.75,4.45,True,Pune,business_owner,High
28,87.3,1.71,47.51,True,Pune,teacher,Medium
61,70.5,1.67,49.73,False,Hyderabad,teacher,Medium
68,86.0,1.51,43.04,True,Pune,business_owner,High
41,85.9,1.79,43.52,False,Kolkata,retired,Low
51,89.2,1.88,12.97,True,Delhi,teacher,High
61,69.6,1.56,46.34,True,Chennai,unemployed,High
41,91.5,1.64,29.1,False,Kolkata,doctor,Medium
19,55.5,1.71,33.92,True,Chennai,engineer,Medium
47,107.0,1.76,19.84,False,Chennai,retired,Medium
30,71.7,1.87,7.61,True,Hyderabad,government_job,Medium
59,109.7,1.68,13.55,True,Mumbai,business_owner,High
32,75.9,1.83,32.76,False,Kolkata,business_owner,Low
59,96.5,1.59,19.52,True,Lucknow,government_job,High
40,60.9,1.66,14.31,True,Bangalore,government_job,Medium
24,82.7,1.82,2.28,False,Mumbai,business_owner,Low
28,75.9,1.58,41.44,False,Chennai,doctor,Low
61,115.6,1.89,38.26,True,Kolkata,teacher,High
31,115.0,1.73,41.45,True,Kolkata,student,High
48,62.7,1.58,15.07,True,Bangalore,student,Medium
54,106.9,1.83,2.45,True,Bangalore,government_job,High
20,110.8,1.9,41.91,True,Kolkata,retired,High
58,55.1,1.54,16.49,False,Bangalore,doctor,Medium
20,55.1,1.6,10.32,True,Delhi,engineer,Medium
27,99.3,1.66,30.13,False,Kolkata,engineer,Medium
30,114.3,1.55,34.69,True,Lucknow,retired,High
69,99.0,1.52,17.27,True,Mumbai,teacher,High
62,112.9,1.63,9.6,True,Lucknow,student,High
46,115.2,1.88,29.3,True,Bangalore,unemployed,High
30,72.4,1.6,14.77,True,Kolkata,engineer,Medium
64,81.0,1.53,4.05,True,Bangalore,retired,High
60,70.7,1.52,4.64,True,Chennai,engineer,High
34,89.8,1.66,31.69,False,Delhi,doctor,Low
66,87.9,1.72,40.74,False,Pune,government_job,Medium
54,112.1,1.9,9.59,False,Chennai,engineer,Medium
30,74.4,1.59,4.67,True,Lucknow,doctor,Medium
31,54.7,1.78,47.14,False,Bangalore,engineer,Low
40,102.4,1.76,10.94,True,Kolkata,government_job,High
49,70.0,1.85,2.52,True,Chennai,doctor,Medium
25,108.5,1.87,3.76,True,Delhi,student,High
50,114.2,1.52,18.29,False,Bangalore,business_owner,Medium
60,86.1,1.55,21.81,True,Mumbai,unemployed,High
32,64.7,1.79,26.38,True,Chennai,unemployed,Medium
35,114.2,1.88,27.52,False,Chennai,student,Medium
37,107.2,1.85,14.46,True,Chennai,doctor,High
26,64.2,1.61,8.78,False,Delhi,teacher,Low
64,55.7,1.86,16.06,False,Bangalore,engineer,Medium
65,87.1,1.77,24.39,False,Mumbai,teacher,Medium
54,92.9,1.66,19.26,False,Mumbai,unemployed,High
55,110.9,1.65,6.4,True,Mumbai,government_job,High
64,69.3,1.9,49.9,False,Lucknow,unemployed,Medium
46,77.1,1.6,2.71,False,Kolkata,retired,Low
24,87.3,1.77,17.63,True,Hyderabad,business_owner,Medium
48,86.1,1.75,24.88,True,Mumbai,engineer,Medium
20,52.1,1.85,39.95,False,Lucknow,government_job,Low
21,95.9,1.77,48.95,False,Bangalore,engineer,Medium
57,72.4,1.83,33.44,True,Bangalore,retired,High
26,96.7,1.68,5.62,True,Pune,government_job,High
21,64.7,1.62,34.84,False,Mumbai,engineer,Low
59,61.5,1.68,1.61,True,Chennai,retired,High
23,101.0,1.65,36.58,False,Bangalore,doctor,Medium
45,95.0,1.68,32.31,False,Delhi,retired,Medium
49,94.9,1.64,27.99,False,Chennai,student,Medium
42,111.3,1.81,4.91,False,Delhi,engineer,Low
23,101.1,1.81,26.49,True,Kolkata,business_owner,High
53,101.7,1.59,33.65,False,Mumbai,doctor,High
54,89.1,1.87,45.96,True,Hyderabad,government_job,High
61,80.1,1.85,22.37,False,Hyderabad,government_job,Medium
30,85.7,1.66,3.81,False,Mumbai,engineer,Low
23,87.6,1.82,6.04,False,Bangalore,engineer,Low
42,75.0,1.6,19.21,False,Pune,doctor,Low
64,54.1,1.79,44.88,False,Delhi,unemployed,Medium
68,59.0,1.82,18.09,False,Pune,doctor,Medium
23,64.2,1.51,28.15,True,Kolkata,business_owner,Medium
29,104.9,1.8,31.67,True,Mumbai,student,High
28,88.6,1.53,33.75,False,Mumbai,retired,Low
22,51.0,1.79,18.77,True,Chennai,student,Medium
37,79.7,1.64,37.84,True,Lucknow,student,Medium
60,95.7,1.62,9.18,True,Bangalore,teacher,High
35,95.4,1.88,45.5,False,Chennai,engineer,Medium
58,101.3,1.54,40.69,False,Chennai,student,High
67,87.6,1.87,29.09,True,Kolkata,government_job,High
37,62.6,1.53,29.77,False,Lucknow,unemployed,Low
47,65.3,1.68,12.87,True,Pune,business_owner,Medium
23,70.5,1.67,19.51,True,Chennai,retired,Medium
27,114.2,1.62,5.72,False,Chennai,student,Low
60,70.5,1.74,27.84,True,Bangalore,student,High
29,118.2,1.73,11.81,True,Bangalore,teacher,High
59,97.4,1.87,9.92,False,Kolkata,unemployed,Medium
64,113.4,1.57,46.95,False,Hyderabad,unemployed,High
50,95.9,1.74,7.85,False,Delhi,unemployed,Low
41,54.1,1.67,34.92,True,Bangalore,doctor,Medium
64,111.5,1.84,7.21,False,Hyderabad,doctor,Medium
34,92.6,1.59,28.07,True,Mumbai,doctor,High
59,79.3,1.57,41.86,False,Pune,retired,Medium
61,91.1,1.69,43.95,False,Mumbai,government_job,High
67,116.9,1.87,46.65,False,Bangalore,retired,High
64,61.0,1.52,37.8,True,Kolkata,business_owner,High
18,56.6,1.73,31.56,True,Pune,doctor,Medium
30,92.9,1.58,13.8,False,Mumbai,teacher,Low
41,77.8,1.6,33.69,False,Chennai,unemployed,Low
53,81.2,1.84,25.99,False,Chennai,student,Medium
45,50.7,1.64,4.73,True,Mumbai,engineer,Medium
34,104.1,1.59,3.51,False,Hyderabad,student,Low
20,61.5,1.78,48.94,False,Bangalore,student,Low
56,106.5,1.87,15.9,True,Mumbai,student,High
53,75.9,1.56,45.59,True,Chennai,doctor,High
38,50.7,1.68,28.96,True,Delhi,student,Medium
47,53.7,1.87,47.85,False,Bangalore,teacher,Low
45,96.1,1.77,34.77,False,Kolkata,retired,Medium
27,92.1,1.5,46.96,True,Hyderabad,retired,High
19,81.6,1.82,37.62,False,Mumbai,teacher,Low
27,53.9,1.62,43.34,False,Lucknow,retired,Low
64,95.4,1.74,18.08,False,Mumbai,retired,High
63,96.6,1.61,9.52,False,Pune,business_owner,Medium
46,54.9,1.9,12.99,True,Mumbai,business_owner,Medium
65,81.0,1.55,11.75,False,Bangalore,engineer,Low
69,119.9,1.65,8.89,True,Chennai,retired,High
26,113.4,1.83,28.34,True,Hyderabad,government_job,High
66,95.7,1.86,8.91,True,Bangalore,retired,High
48,100.2,1.64,41.81,True,Kolkata,doctor,High
44,109.2,1.67,17.86,True,Hyderabad,retired,High
39,80.2,1.53,8.13,True,Delhi,doctor,Medium
48,51.0,1.76,9.22,True,Hyderabad,student,Medium
60,97.9,1.62,24.16,False,Mumbai,teacher,High
61,84.4,1.57,37.41,True,Mumbai,engineer,High
69,66.0,1.7,41.8,True,Lucknow,teacher,High
28,90.2,1.85,48.09,True,Pune,doctor,High
53,79.0,1.89,32.71,True,Chennai,unemployed,High
27,85.8,1.52,10.28,False,Bangalore,business_owner,Low
40,76.1,1.53,22.51,True,Delhi,business_owner,Medium
65,92.5,1.51,32.3,True,Mumbai,doctor,High
49,62.7,1.74,10.86,False,Hyderabad,student,Low
68,57.8,1.66,38.71,False,Hyderabad,doctor,Medium
47,72.4,1.65,26.69,False,Delhi,teacher,Low
57,54.1,1.59,2.25,True,Delhi,retired,High
38,98.3,1.8,49.79,False,Hyderabad,student,Medium
55,91.8,1.61,8.72,True,Lucknow,unemployed,High
49,82.0,1.84,20.84,True,Bangalore,business_owner,Medium
29,92.0,1.77,42.91,False,Bangalore,unemployed,Medium
27,69.4,1.6,3.49,True,Hyderabad,government_job,Medium
19,53.7,1.67,17.18,True,Lucknow,retired,Medium
24,113.9,1.74,10.81,True,Mumbai,business_owner,High
21,88.5,1.9,38.69,True,Lucknow,engineer,Medium
53,62.6,1.87,38.54,False,Delhi,unemployed,Medium
22,64.2,1.71,38.65,False,Hyderabad,unemployed,Low
31,110.9,1.54,6.43,False,Chennai,doctor,Low
18,118.3,1.68,39.05,False,Pune,engineer,Medium
22,50.3,1.66,10.56,False,Hyderabad,engineer,Low
30,114.6,1.9,21.65,True,Pune,teacher,High
69,70.7,1.72,49.25,False,Kolkata,unemployed,Medium
63,106.5,1.64,42.11,False,Pune,student,High
57,87.2,1.81,26.97,True,Pune,doctor,High
47,91.6,1.54,39.73,False,Delhi,retired,Medium
63,53.2,1.73,44.76,False,Lucknow,government_job,Medium
22,118.6,1.88,11.01,False,Lucknow,government_job,Low
24,64.2,1.88,34.38,True,Pune,engineer,Medium
41,56.7,1.86,27.19,True,Mumbai,doctor,Medium
39,93.7,1.9,40.43,True,Lucknow,student,High
56,103.5,1.74,26.02,False,Chennai,business_owner,High
37,50.7,1.61,38.95,True,Kolkata,retired,Medium
43,97.6,1.72,48.34,True,Delhi,unemployed,High
36,86.5,1.7,27.16,False,Pune,doctor,Low
38,58.1,1.57,42.79,True,Delhi,retired,Medium
51,64.1,1.69,45.1,False,Lucknow,government_job,Medium
56,76.4,1.89,19.51,True,Lucknow,doctor,High
50,99.1,1.62,40.14,False,Mumbai,government_job,Medium
20,111.6,1.53,8.56,True,Delhi,doctor,High
25,106.0,1.84,33.82,False,Chennai,doctor,Medium
36,86.5,1.55,34.46,True,Pune,teacher,Medium
25,53.7,1.56,28.72,False,Pune,student,Low
67,87.1,1.7,21.5,True,Bangalore,teacher,High
56,72.1,1.64,6.77,True,Chennai,student,High
49,119.9,1.7,47.78,False,Lucknow,government_job,Medium
37,91.4,1.9,2.93,True,Bangalore,government_job,High
68,63.7,1.52,3.14,True,Bangalore,unemployed,High
37,93.8,1.74,43.85,False,Hyderabad,retired,Medium
40,116.3,1.79,5.74,True,Lucknow,doctor,High
26,62.5,1.88,19.77,False,Kolkata,government_job,Low
30,109.5,1.89,34.42,True,Kolkata,government_job,High
19,61.3,1.7,38.76,True,Chennai,government_job,Medium
48,106.8,1.57,33.36,True,Pune,unemployed,High
67,100.6,1.77,19.97,True,Pune,unemployed,High
26,75.3,1.59,31.19,True,Pune,teacher,Medium
58,115.6,1.8,16.72,True,Lucknow,business_owner,High
18,53.3,1.6,37.67,True,Lucknow,doctor,Medium
66,105.2,1.7,16.74,True,Chennai,student,High
36,63.2,1.63,42.55,False,Chennai,doctor,Low
34,52.4,1.74,18.36,False,Delhi,retired,Low
33,86.1,1.61,27.71,True,Pune,retired,Medium
25,80.9,1.67,32.88,True,Hyderabad,doctor,Medium
27,83.9,1.74,27.7,False,Kolkata,unemployed,Low
57,114.9,1.57,13.43,False,Lucknow,government_job,Medium
34,50.7,1.51,14.13,True,Delhi,teacher,Medium
63,107.7,1.88,24.28,False,Bangalore,government_job,High
50,97.7,1.65,13.32,False,Delhi,teacher,Low
46,83.2,1.53,16.1,False,Kolkata,retired,Low
66,68.6,1.57,42.37,True,Chennai,unemployed,High
34,93.8,1.82,38.83,False,Hyderabad,engineer,Medium
30,104.4,1.53,42.64,False,Pune,government_job,Medium
37,101.7,1.85,4.78,False,Chennai,teacher,Low
56,54.4,1.66,9.55,True,Pune,government_job,High
42,96.8,1.56,11.12,True,Kolkata,retired,High
50,94.0,1.66,1.3,True,Chennai,doctor,High
20,113.3,1.5,37.09,False,Kolkata,unemployed,Medium
46,84.4,1.7,5.89,True,Bangalore,engineer,Medium
58,61.2,1.64,31.22,False,Chennai,doctor,Medium
46,96.2,1.73,10.88,False,Bangalore,teacher,Low
32,114.2,1.7,23.43,True,Bangalore,student,High
23,95.4,1.87,9.48,False,Mumbai,unemployed,Low
52,95.8,1.84,21.38,True,Lucknow,engineer,High
37,110.1,1.9,14.9,True,Kolkata,business_owner,High
59,114.0,1.56,19.02,True,Delhi,engineer,High
35,75.5,1.71,17.25,False,Chennai,government_job,Low
45,78.5,1.74,18.13,True,Lucknow,business_owner,Medium
59,87.4,1.59,21.7,False,Hyderabad,unemployed,Medium
32,50.4,1.63,24.25,True,Pune,engineer,Medium
41,57.0,1.61,34.57,False,Lucknow,teacher,Low
46,104.3,1.67,46.51,False,Lucknow,business_owner,Medium
57,93.6,1.85,28.82,True,Mumbai,unemployed,High
57,104.3,1.54,18.25,False,Chennai,student,High
40,60.1,1.81,7.72,False,Mumbai,unemployed,Low
67,104.2,1.84,33.39,False,Delhi,teacher,High
18,96.0,1.63,36.63,True,Hyderabad,government_job,High
47,59.6,1.84,18.58,False,Mumbai,student,Low
41,52.1,1.55,15.64,False,Kolkata,teacher,Low
66,77.9,1.5,37.5,True,Hyderabad,engineer,High
19,58.4,1.51,19.83,False,Hyderabad,business_owner,Low
62,78.2,1.72,31.34,False,Kolkata,retired,Medium
22,114.4,1.89,37.72,False,Chennai,doctor,Medium
33,69.0,1.86,16.92,True,Lucknow,teacher,Medium
26,64.2,1.55,21.51,True,Lucknow,retired,Medium
68,73.7,1.72,24.83,False,Pune,teacher,Medium
32,61.5,1.63,3.92,True,Pune,unemployed,Medium
21,56.1,1.66,38.8,False,Hyderabad,teacher,Low
66,73.8,1.62,10.22,False,Chennai,doctor,Low
63,69.5,1.67,18.72,False,Mumbai,retired,Medium
57,93.8,1.53,11.96,False,Chennai,engineer,Medium
26,69.1,1.81,29.31,False,Pune,business_owner,Low
20,93.9,1.69,33.91,True,Chennai,student,High
62,95.4,1.52,35.54,False,Chennai,government_job,High
26,56.2,1.74,18.13,False,Kolkata,retired,Low
59,59.4,1.67,49.59,True,Hyderabad,teacher,High
27,61.5,1.67,38.58,True,Delhi,government_job,Medium
39,110.2,1.57,42.01,True,Bangalore,doctor,High
48,68.8,1.69,17.28,True,Hyderabad,unemployed,Medium
47,107.2,1.73,23.11,True,Pune,doctor,High
56,68.6,1.6,42.58,True,Chennai,unemployed,High
49,55.9,1.76,27.34,True,Bangalore,unemployed,Medium
18,62.8,1.62,47.06,False,Hyderabad,unemployed,Low
43,100.1,1.71,37.56,False,Delhi,teacher,Medium
36,58.7,1.54,32.67,True,Bangalore,government_job,Medium
27,87.8,1.79,23.45,False,Hyderabad,teacher,Low
41,65.7,1.74,36.53,False,Bangalore,business_owner,Low
19,105.8,1.65,31.25,False,Delhi,doctor,Medium
60,94.5,1.53,27.87,True,Hyderabad,business_owner,High
20,70.9,1.79,36.59,False,Lucknow,unemployed,Low
22,69.1,1.61,16.44,True,Chennai,business_owner,Medium
64,88.9,1.87,1.08,False,Lucknow,government_job,Low
20,69.1,1.88,36.51,False,Chennai,doctor,Low
63,57.5,1.86,16.4,True,Lucknow,teacher,High
29,63.2,1.69,30.16,False,Pune,retired,Low
46,96.3,1.77,33.46,True,Chennai,retired,High
36,54.0,1.66,44.46,False,Delhi,business_owner,Low
52,69.9,1.56,7.35,False,Delhi,teacher,Low
69,79.4,1.66,6.05,False,Kolkata,engineer,Low
56,104.1,1.79,1.17,False,Chennai,student,Medium
63,77.4,1.78,25.65,True,Chennai,teacher,High
21,94.1,1.82,25.62,True,Pune,government_job,High
31,60.3,1.68,2.87,True,Pune,doctor,Medium
44,112.8,1.72,45.7,True,Kolkata,business_owner,High
52,91.3,1.84,41.03,False,Hyderabad,doctor,High
55,110.0,1.54,14.52,True,Delhi,doctor,High
28,111.5,1.76,45.69,True,Chennai,student,High
54,76.7,1.52,21.43,False,Mumbai,engineer,Medium
39,71.6,1.76,5.89,True,Pune,retired,Medium
30,113.8,1.64,36.37,True,Delhi,student,High
33,66.3,1.71,33.14,True,Bangalore,teacher,Medium
36,107.7,1.88,4.46,False,Mumbai,teacher,Low
54,57.5,1.56,11.91,False,Delhi,doctor,Low
23,75.8,1.63,38.58,False,Lucknow,student,Low
48,56.5,1.6,24.57,False,Bangalore,doctor,Low
21,62.0,1.75,40.93,True,Hyderabad,doctor,Medium
57,76.3,1.73,28.54,False,Hyderabad,retired,Medium
31,67.7,1.67,45.7,False,Pune,government_job,Low
30,119.2,1.88,32.04,True,Lucknow,student,High
45,85.2,1.73,45.74,True,Bangalore,student,Medium
42,118.9,1.61,30.34,False,Chennai,business_owner,Medium
29,66.3,1.76,3.82,True,Chennai,unemployed,Medium
40,108.3,1.58,18.57,True,Bangalore,retired,High
63,91.2,1.81,22.82,False,Kolkata,government_job,High
27,58.1,1.6,45.49,False,Chennai,student,Low
18,69.9,1.67,25.81,True,Pune,engineer,Medium
67,116.3,1.87,6.86,True,Delhi,teacher,High
69,66.3,1.72,37.12,False,Chennai,government_job,Medium
26,75.9,1.83,1.85,False,Pune,business_owner,Low
25,79.8,1.89,1.3,True,Mumbai,unemployed,Medium
41,113.1,1.8,40.79,False,Bangalore,doctor,Medium
57,115.5,1.51,4.4,True,Mumbai,student,High
53,53.0,1.65,13.18,True,Lucknow,government_job,High
38,74.8,1.9,7.87,False,Bangalore,student,Low
48,106.7,1.55,5.82,False,Chennai,business_owner,Low
19,112.8,1.72,25.81,False,Kolkata,unemployed,Medium
68,66.3,1.66,41.13,True,Mumbai,student,High
68,108.7,1.54,8.59,False,Bangalore,government_job,Medium
19,115.2,1.86,46.17,True,Kolkata,government_job,High
33,108.7,1.84,44.3,False,Kolkata,teacher,Medium
26,85.0,1.78,29.9,True,Hyderabad,government_job,Medium
35,88.9,1.65,31.92,False,Bangalore,engineer,Low
49,81.9,1.74,34.61,True,Bangalore,retired,Medium
63,69.2,1.67,5.3,True,Bangalore,business_owner,High
62,54.1,1.85,39.34,False,Mumbai,doctor,Medium
62,72.6,1.88,39.0,True,Chennai,business_owner,High
20,69.2,1.88,48.17,True,Pune,student,Medium
58,74.5,1.8,10.03,True,Mumbai,government_job,High
29,90.5,1.71,20.77,False,Lucknow,retired,Medium
20,91.5,1.83,5.35,False,Lucknow,doctor,Low
60,107.8,1.8,43.12,False,Hyderabad,teacher,High
25,107.4,1.53,34.0,False,Pune,unemployed,Medium
24,68.0,1.59,6.39,False,Kolkata,retired,Low
39,81.8,1.61,47.91,True,Bangalore,business_owner,Medium
33,54.9,1.75,39.91,True,Hyderabad,engineer,Medium
21,103.1,1.55,45.79,True,Lucknow,doctor,High
27,53.0,1.57,30.32,True,Lucknow,business_owner,Medium
33,65.2,1.77,30.62,False,Hyderabad,government_job,Low
66,69.8,1.73,36.06,False,Delhi,engineer,Medium
69,52.1,1.64,44.45,True,Lucknow,student,High
30,119.8,1.67,44.01,True,Pune,retired,High
48,72.7,1.64,18.72,False,Kolkata,doctor,Low
42,70.7,1.5,38.57,True,Kolkata,doctor,Medium
27,52.0,1.87,12.12,False,Delhi,government_job,Low
21,82.8,1.9,1.34,False,Chennai,government_job,Low
36,100.1,1.56,35.2,False,Kolkata,retired,Medium
41,66.6,1.89,35.38,False,Hyderabad,retired,Low
59,64.9,1.76,12.52,False,Pune,unemployed,Low
53,83.5,1.51,38.32,True,Pune,student,High
46,75.9,1.59,30.72,True,Lucknow,business_owner,Medium
25,119.2,1.56,13.17,True,Delhi,engineer,High
31,88.0,1.72,48.96,True,Delhi,retired,Medium
18,77.5,1.71,47.35,True,Bangalore,teacher,Medium
54,59.8,1.62,42.72,True,Chennai,doctor,High
27,86.4,1.75,25.6,False,Kolkata,doctor,Low
58,50.1,1.85,9.42,True,Chennai,engineer,High
42,110.9,1.65,31.57,True,Delhi,business_owner,High
63,89.0,1.6,19.12,True,Kolkata,engineer,High
50,68.3,1.51,47.2,True,Bangalore,student,Medium
26,57.3,1.55,18.43,True,Bangalore,doctor,Medium
60,52.9,1.75,6.69,False,Pune,doctor,Low
60,94.7,1.78,1.02,False,Delhi,retired,Medium
40,95.9,1.87,44.85,False,Delhi,engineer,Medium
35,105.6,1.57,8.29,True,Chennai,unemployed,High
55,106.1,1.81,44.57,False,Mumbai,student,High
66,55.5,1.69,39.02,True,Delhi,engineer,High
44,97.4,1.84,18.02,True,Chennai,student,High
41,97.7,1.73,3.42,True,Bangalore,business_owner,High
64,88.5,1.53,49.64,False,Kolkata,unemployed,Medium
35,50.5,1.67,8.51,True,Lucknow,retired,Medium
57,60.6,1.55,25.72,False,Bangalore,student,Medium
49,91.9,1.64,40.41,True,Pune,teacher,High
62,105.8,1.54,20.2,False,Chennai,teacher,High
34,117.6,1.5,25.88,False,Chennai,teacher,Medium
20,107.4,1.67,19.1,True,Lucknow,student,High
48,67.5,1.64,31.49,True,Chennai,engineer,Medium
39,74.2,1.64,42.1,True,Kolkata,doctor,Medium
68,104.1,1.78,47.82,False,Bangalore,student,High
40,116.7,1.74,41.16,True,Pune,engineer,High
26,57.4,1.62,39.24,False,Chennai,engineer,Low
67,105.5,1.8,7.29,True,Kolkata,retired,High
42,94.2,1.8,23.94,False,Pune,unemployed,Medium
41,111.2,1.8,49.9,False,Chennai,retired,Medium
19,67.0,1.68,21.98,False,Lucknow,teacher,Low
65,82.3,1.7,39.36,False,Mumbai,business_owner,Medium
39,59.9,1.73,47.8,False,Delhi,student,Low
49,65.9,1.6,36.71,True,Mumbai,doctor,Medium
19,69.2,1.69,5.49,False,Delhi,teacher,Low
37,95.4,1.56,33.1,False,Mumbai,teacher,Medium
67,59.6,1.52,17.27,True,Pune,teacher,High
39,92.9,1.5,40.5,True,Bangalore,government_job,High
37,96.1,1.57,49.61,False,Mumbai,business_owner,Medium
45,103.7,1.71,29.8,True,Hyderabad,teacher,High
69,59.8,1.8,39.52,True,Delhi,unemployed,High
31,84.6,1.76,6.6,True,Pune,teacher,Medium
46,102.0,1.79,28.08,True,Lucknow,unemployed,High
23,116.1,1.57,11.33,True,Hyderabad,doctor,High
36,78.0,1.86,15.05,True,Hyderabad,business_owner,Medium
18,91.8,1.55,28.86,True,Hyderabad,unemployed,High
43,89.1,1.82,29.59,False,Mumbai,retired,Low
65,74.2,1.6,1.69,False,Chennai,teacher,Low
22,117.7,1.9,30.85,True,Chennai,unemployed,High
65,108.8,1.75,21.91,False,Bangalore,teacher,High
22,107.9,1.89,2.72,False,Hyderabad,teacher,Low
51,88.0,1.69,44.46,False,Lucknow,retired,Medium
34,60.7,1.53,24.35,True,Kolkata,student,Medium
64,80.3,1.54,17.3,False,Kolkata,engineer,Medium
39,119.0,1.8,32.86,False,Bangalore,business_owner,Medium
19,118.5,1.67,26.95,False,Kolkata,engineer,Medium
43,71.9,1.75,46.9,False,Mumbai,retired,Low
51,105.9,1.71,24.22,False,Mumbai,business_owner,High
19,53.7,1.88,11.62,False,Hyderabad,engineer,Low
44,63.5,1.5,33.08,True,Pune,engineer,Medium
56,89.0,1.88,48.29,True,Kolkata,government_job,High
57,52.5,1.73,30.01,False,Chennai,teacher,Medium
23,80.6,1.81,22.14,False,Hyderabad,student,Low
44,55.4,1.55,20.75,True,Mumbai,business_owner,Medium
19,83.3,1.79,10.41,True,Bangalore,unemployed,Medium
37,79.0,1.9,47.76,True,Hyderabad,doctor,Medium
57,54.1,1.61,43.0,False,Bangalore,retired,Medium
19,103.0,1.66,9.05,False,Pune,unemployed,Low
43,81.9,1.86,44.9,True,Bangalore,engineer,Medium
24,85.1,1.87,37.96,False,Hyderabad,doctor,Low
28,92.5,1.76,23.13,True,Mumbai,government_job,High
53,97.0,1.7,48.34,True,Bangalore,teacher,High
20,50.4,1.73,10.55,True,Pune,teacher,Medium
42,104.1,1.7,10.45,True,Hyderabad,student,High
31,99.6,1.78,48.63,True,Delhi,student,High
38,62.5,1.79,9.1,True,Bangalore,student,Medium
28,66.1,1.57,46.24,True,Delhi,retired,Medium
60,87.9,1.69,2.89,True,Lucknow,teacher,High
29,69.2,1.51,29.83,False,Mumbai,unemployed,Low
59,109.8,1.54,34.84,False,Lucknow,retired,High
51,71.4,1.59,21.15,False,Hyderabad,unemployed,Medium
36,68.9,1.76,11.74,True,Bangalore,retired,Medium
22,96.9,1.52,14.44,True,Pune,government_job,High
51,92.0,1.69,25.88,True,Hyderabad,unemployed,High
66,104.2,1.56,15.51,False,Mumbai,student,High
43,62.5,1.77,12.34,False,Hyderabad,government_job,Low
20,63.2,1.85,38.77,True,Bangalore,government_job,Medium
37,113.6,1.79,38.6,False,Hyderabad,student,Medium
49,95.4,1.59,2.71,False,Mumbai,student,Low
63,93.8,1.73,46.79,True,Delhi,teacher,High
21,55.3,1.78,17.08,False,Bangalore,unemployed,Low
39,92.8,1.78,38.34,False,Delhi,government_job,Medium
53,100.9,1.66,37.72,True,Pune,student,High
53,105.4,1.89,17.83,True,Kolkata,government_job,High
66,59.6,1.66,44.76,False,Bangalore,retired,Medium
19,95.8,1.8,23.42,True,Delhi,government_job,High
47,83.8,1.59,37.99,False,Lucknow,student,Low
54,112.3,1.85,44.76,False,Kolkata,retired,High
49,105.8,1.69,19.19,False,Pune,student,Medium
19,109.8,1.72,17.98,True,Pune,student,High
60,112.7,1.73,26.86,False,Mumbai,teacher,High
22,118.9,1.53,40.65,True,Pune,doctor,High
29,70.5,1.86,45.38,False,Mumbai,student,Low
67,98.0,1.87,15.67,False,Delhi,student,High
27,52.9,1.6,5.32,False,Bangalore,student,Low
36,94.1,1.82,44.38,True,Bangalore,unemployed,High
51,97.8,1.81,23.4,False,Bangalore,student,High
50,64.2,1.66,35.82,True,Chennai,business_owner,Medium
28,104.0,1.89,29.25,True,Lucknow,unemployed,High
61,51.5,1.57,45.72,True,Pune,doctor,High
63,102.5,1.72,4.54,True,Hyderabad,teacher,High
25,104.2,1.84,31.75,False,Hyderabad,teacher,Medium
34,74.1,1.63,30.09,False,Delhi,business_owner,Low
18,68.9,1.52,40.45,False,Pune,doctor,Low
42,81.7,1.54,19.37,False,Mumbai,retired,Low
55,117.6,1.76,42.49,False,Lucknow,retired,High
27,55.8,1.78,37.62,True,Pune,doctor,Medium
50,58.5,1.65,45.96,False,Chennai,business_owner,Low
41,98.2,1.51,36.36,False,Mumbai,student,Medium
65,72.0,1.55,18.17,True,Pune,student,High
36,75.8,1.54,23.08,False,Mumbai,unemployed,Low
37,93.1,1.78,6.95,False,Chennai,teacher,Low
26,82.0,1.87,10.97,False,Hyderabad,teacher,Low
28,72.6,1.79,3.0,False,Chennai,doctor,Low
65,102.8,1.8,19.94,True,Mumbai,engineer,High
56,57.2,1.71,27.53,True,Lucknow,business_owner,High
59,108.1,1.88,34.12,True,Delhi,government_job,High
29,104.2,1.9,35.76,False,Lucknow,teacher,Medium
62,104.1,1.69,12.06,True,Hyderabad,teacher,High
29,95.4,1.64,31.16,True,Delhi,business_owner,High
57,114.0,1.8,30.64,False,Hyderabad,government_job,High
42,118.0,1.81,37.28,True,Pune,teacher,High
56,106.7,1.86,4.48,True,Mumbai,student,High
49,103.4,1.55,44.14,True,Chennai,unemployed,High
31,59.1,1.85,8.1,False,Kolkata,doctor,Low
54,61.5,1.64,48.57,True,Delhi,doctor,High
26,84.2,1.63,26.85,True,Mumbai,doctor,Medium
37,86.5,1.85,43.88,True,Chennai,unemployed,Medium
23,76.8,1.51,33.83,False,Kolkata,student,Low
58,117.9,1.56,39.6,False,Delhi,retired,High
35,94.5,1.73,46.92,False,Hyderabad,doctor,Medium
52,87.4,1.74,33.58,False,Hyderabad,business_owner,Medium
47,103.6,1.74,34.34,False,Kolkata,government_job,Medium
44,67.3,1.66,10.39,False,Mumbai,business_owner,Low
20,67.0,1.81,4.94,True,Kolkata,government_job,Medium
63,101.3,1.53,5.79,False,Kolkata,student,Medium
53,55.3,1.53,39.87,True,Chennai,retired,High
57,111.3,1.86,35.68,False,Delhi,retired,High
27,118.9,1.75,20.07,True,Kolkata,engineer,High
22,60.8,1.55,11.32,True,Chennai,teacher,Medium
18,104.7,1.8,4.06,False,Hyderabad,business_owner,Low
52,105.7,1.73,40.71,True,Mumbai,student,High
42,104.3,1.74,3.81,True,Bangalore,teacher,High
66,56.4,1.89,19.45,True,Mumbai,government_job,High
66,58.3,1.68,44.33,False,Bangalore,engineer,Medium
49,116.9,1.85,13.07,True,Kolkata,engineer,High
64,96.7,1.84,40.19,True,Pune,retired,High
30,59.4,1.74,44.32,True,Pune,government_job,Medium
69,112.6,1.55,49.01,True,Hyderabad,government_job,High
25,64.1,1.63,33.34,False,Mumbai,doctor,Low
47,110.9,1.81,36.52,True,Kolkata,engineer,High
27,101.3,1.62,17.55,False,Lucknow,unemployed,Medium
40,101.4,1.68,36.0,False,Mumbai,student,Medium
55,52.3,1.83,44.82,False,Delhi,doctor,Medium
68,76.3,1.56,6.62,False,Chennai,student,Low
43,70.2,1.78,46.3,True,Lucknow,teacher,Medium
40,70.2,1.79,30.23,False,Pune,doctor,Low
39,68.3,1.58,31.88,True,Pune,retired,Medium
47,50.4,1.68,27.72,True,Hyderabad,teacher,Medium
51,89.5,1.77,48.28,False,Hyderabad,retired,Medium
55,67.9,1.72,41.04,False,Lucknow,retired,Medium
28,92.4,1.54,39.69,True,Pune,business_owner,High
51,107.4,1.88,42.53,True,Delhi,student,High
56,58.1,1.71,31.33,False,Pune,government_job,Medium
47,53.6,1.67,30.89,False,Mumbai,engineer,Low
34,107.7,1.81,25.16,True,Delhi,business_owner,High
48,97.4,1.69,8.92,False,Hyderabad,unemployed,Low
65,119.3,1.88,12.23,True,Chennai,unemployed,High
60,117.8,1.73,29.32,False,Pune,government_job,High
48,61.0,1.88,14.59,True,Pune,engineer,Medium
19,111.6,1.79,39.09,False,Delhi,retired,Medium
37,106.4,1.56,8.97,True,Pune,retired,High
46,101.1,1.83,29.67,False,Mumbai,retired,Medium
26,111.9,1.74,21.68,True,Kolkata,retired,High
24,52.3,1.87,36.67,True,Delhi,doctor,Medium
49,69.1,1.8,16.96,True,Kolkata,engineer,Medium
63,90.3,1.9,34.9,False,Hyderabad,student,High
50,69.5,1.72,23.1,True,Delhi,government_job,Medium
65,115.4,1.88,26.72,True,Hyderabad,retired,High
61,64.3,1.84,10.89,True,Chennai,doctor,High
33,98.2,1.73,7.6,False,Bangalore,doctor,Low
38,104.5,1.58,2.85,False,Lucknow,teacher,Low
46,110.8,1.88,33.53,True,Delhi,student,High
25,78.4,1.54,3.69,False,Chennai,business_owner,Low
35,78.1,1.63,9.22,True,Pune,business_owner,Medium
67,61.9,1.7,25.77,True,Pune,teacher,High
30,80.2,1.62,17.15,True,Lucknow,retired,Medium
57,110.4,1.74,43.78,True,Mumbai,retired,High
58,103.0,1.61,5.17,False,Delhi,engineer,Medium
50,97.2,1.68,29.28,False,Mumbai,business_owner,Medium
51,81.7,1.51,18.61,False,Pune,unemployed,Medium
38,53.8,1.56,45.23,False,Lucknow,unemployed,Low
19,97.9,1.86,21.86,False,Bangalore,retired,Medium
23,96.1,1.74,25.71,True,Lucknow,doctor,High
45,94.2,1.71,13.7,False,Lucknow,doctor,Low
23,110.5,1.61,4.25,True,Lucknow,business_owner,High
35,98.3,1.55,14.79,True,Pune,government_job,High
28,52.8,1.82,44.14,False,Bangalore,retired,Low
53,56.2,1.78,21.53,False,Lucknow,business_owner,Medium
44,99.1,1.62,22.62,False,Mumbai,government_job,Medium
29,90.1,1.77,42.21,False,Lucknow,government_job,Medium
51,115.2,1.84,2.56,True,Pune,retired,High
52,92.9,1.5,7.93,False,Delhi,engineer,Medium
65,76.1,1.76,9.78,True,Lucknow,unemployed,High
38,80.4,1.82,46.99,True,Kolkata,retired,Medium
57,79.1,1.6,2.28,False,Pune,government_job,Low
22,108.0,1.9,45.25,True,Delhi,business_owner,High
60,66.9,1.88,33.22,False,Delhi,business_owner,Medium
47,97.3,1.54,14.19,True,Pune,engineer,High
43,62.1,1.54,39.69,True,Lucknow,unemployed,Medium
29,119.7,1.51,3.57,False,Delhi,unemployed,Low
52,70.4,1.78,41.65,True,Hyderabad,student,High
65,113.3,1.69,49.61,False,Kolkata,unemployed,High
51,108.7,1.84,45.25,False,Lucknow,teacher,High
43,56.0,1.82,9.38,False,Lucknow,business_owner,Low
66,90.8,1.78,38.56,True,Lucknow,unemployed,High
29,72.3,1.73,40.83,True,Lucknow,teacher,Medium
67,56.6,1.57,36.12,True,Bangalore,unemployed,High
29,70.4,1.9,39.41,True,Chennai,doctor,Medium
18,117.1,1.55,44.08,False,Kolkata,teacher,Medium
59,80.2,1.6,6.12,False,Lucknow,government_job,Low
35,78.7,1.55,38.2,True,Delhi,engineer,Medium
20,117.7,1.58,23.12,False,Pune,engineer,Medium
35,66.8,1.54,27.26,True,Hyderabad,government_job,Medium
40,82.1,1.88,8.88,True,Kolkata,student,Medium
40,54.3,1.88,39.84,False,Bangalore,government_job,Low
67,87.3,1.86,33.66,False,Hyderabad,retired,Medium
29,103.3,1.82,11.8,False,Delhi,unemployed,Low
27,93.7,1.59,8.06,False,Delhi,government_job,Low
43,56.1,1.64,18.11,False,Kolkata,doctor,Low
36,72.4,1.74,23.01,False,Hyderabad,teacher,Low
22,65.7,1.58,16.76,False,Delhi,doctor,Low
41,75.1,1.88,47.08,True,Kolkata,business_owner,Medium
26,80.0,1.65,34.52,True,Delhi,engineer,Medium
18,103.8,1.85,22.36,True,Mumbai,student,High
63,85.6,1.55,23.09,True,Hyderabad,teacher,High
46,68.7,1.83,9.6,False,Mumbai,government_job,Low
36,80.5,1.89,9.94,False,Kolkata,teacher,Low
59,108.7,1.84,28.37,True,Chennai,government_job,High
47,68.5,1.61,28.57,False,Chennai,engineer,Low
37,53.4,1.79,30.93,False,Kolkata,doctor,Low
40,67.2,1.73,26.67,False,Kolkata,doctor,Low
59,94.6,1.72,10.57,True,Hyderabad,engineer,High
50,69.1,1.81,20.04,False,Bangalore,business_owner,Low
62,76.0,1.84,46.84,False,Lucknow,doctor,Medium
64,60.2,1.59,28.6,False,Kolkata,unemployed,Medium
40,66.2,1.72,33.27,True,Lucknow,student,Medium
54,93.5,1.72,5.32,True,Delhi,student,High
54,64.4,1.53,36.31,False,Kolkata,unemployed,Medium
27,107.6,1.7,22.89,True,Hyderabad,teacher,High
54,105.2,1.74,15.04,False,Chennai,teacher,High
67,52.6,1.7,25.19,True,Pune,engineer,High
60,67.7,1.89,24.7,True,Bangalore,teacher,High
55,51.7,1.53,22.77,False,Pune,engineer,Medium
26,71.5,1.62,33.64,False,Lucknow,retired,Low
20,84.9,1.64,29.54,False,Kolkata,doctor,Low
37,118.5,1.74,29.86,False,Bangalore,retired,Medium
34,52.8,1.63,24.33,False,Delhi,teacher,Low
24,73.4,1.75,29.34,False,Delhi,business_owner,Low
34,52.8,1.77,37.95,False,Mumbai,government_job,Low
28,62.7,1.88,13.76,True,Mumbai,unemployed,Medium
62,64.3,1.78,22.58,True,Lucknow,unemployed,High
57,68.7,1.54,25.06,False,Hyderabad,teacher,Medium
65,95.6,1.59,35.48,False,Bangalore,business_owner,High
61,79.4,1.78,16.73,True,Kolkata,retired,High
19,86.3,1.71,10.47,False,Chennai,student,Low
49,53.3,1.52,22.6,True,Mumbai,retired,Medium
54,81.7,1.7,27.63,False,Chennai,business_owner,Medium
65,56.2,1.88,15.98,False,Chennai,government_job,Medium
46,71.1,1.69,13.69,False,Hyderabad,teacher,Low
57,109.1,1.76,10.71,True,Bangalore,government_job,High
57,76.7,1.73,44.19,True,Delhi,retired,High
26,114.3,1.51,3.03,True,Chennai,doctor,High
64,61.5,1.68,9.65,True,Bangalore,student,High
46,83.8,1.65,26.17,True,Mumbai,engineer,Medium
68,116.7,1.66,24.76,False,Hyderabad,engineer,High
18,65.1,1.75,7.39,False,Chennai,government_job,Low
50,109.1,1.57,44.66,False,Delhi,unemployed,Medium
65,100.8,1.84,21.28,False,Bangalore,government_job,High
62,103.3,1.64,49.5,False,Pune,government_job,High
19,100.2,1.87,25.73,True,Mumbai,business_owner,High
57,64.4,1.66,26.12,True,Hyderabad,business_owner,High
67,107.9,1.74,32.12,True,Lucknow,doctor,High
56,75.4,1.83,19.46,True,Mumbai,retired,High
54,113.3,1.85,21.89,False,Bangalore,doctor,High
42,82.1,1.67,29.89,False,Chennai,government_job,Low
26,54.3,1.62,31.91,False,Hyderabad,engineer,Low
52,95.8,1.89,43.56,False,Hyderabad,teacher,High
20,53.9,1.89,37.49,True,Mumbai,teacher,Medium
30,96.9,1.77,13.85,True,Kolkata,government_job,High
65,103.8,1.56,31.88,False,Chennai,government_job,High
23,62.6,1.72,5.51,True,Kolkata,business_owner,Medium
60,55.2,1.78,33.34,False,Chennai,government_job,Medium
20,84.7,1.68,5.39,True,Kolkata,engineer,Medium
39,115.9,1.83,32.01,False,Hyderabad,business_owner,Medium
49,73.6,1.79,12.94,False,Pune,business_owner,Low
36,79.6,1.66,49.89,False,Pune,government_job,Low
54,79.8,1.77,17.27,True,Kolkata,unemployed,High
18,101.1,1.53,11.0,False,Chennai,business_owner,Low
38,105.1,1.88,22.75,False,Mumbai,business_owner,Medium
35,62.5,1.53,3.54,True,Kolkata,government_job,Medium
68,59.8,1.63,20.2,False,Mumbai,government_job,Medium
52,53.8,1.64,27.01,True,Delhi,student,High
53,90.8,1.67,30.58,True,Chennai,retired,High
43,54.9,1.72,16.43,False,Kolkata,student,Low
66,106.8,1.83,31.45,False,Delhi,engineer,High
37,106.5,1.67,15.06,True,Delhi,teacher,High
42,81.2,1.64,33.19,False,Delhi,doctor,Low
24,103.7,1.73,1.45,True,Bangalore,engineer,High
53,81.2,1.72,15.31,True,Delhi,engineer,High
46,56.2,1.55,40.15,False,Kolkata,government_job,Low
62,67.3,1.6,14.35,False,Lucknow,engineer,Low
58,119.2,1.86,23.03,True,Lucknow,doctor,High
56,71.6,1.79,5.24,True,Kolkata,unemployed,High
25,77.9,1.83,21.69,False,Kolkata,retired,Low
30,63.0,1.85,8.71,True,Kolkata,government_job,Medium
51,61.7,1.55,47.78,False,Pune,student,Medium
28,92.5,1.83,10.71,True,Mumbai,business_owner,High
51,104.7,1.89,8.42,True,Delhi,doctor,High
57,112.8,1.87,2.65,True,Kolkata,government_job,High
65,114.6,1.61,26.82,True,Hyderabad,teacher,High
18,100.1,1.65,8.39,True,Lucknow,unemployed,High
21,66.0,1.82,40.2,True,Chennai,unemployed,Medium
18,96.2,1.6,9.67,False,Kolkata,retired,Low
44,71.0,1.72,39.92,False,Bangalore,retired,Low
23,51.0,1.68,19.95,True,Lucknow,unemployed,Medium
30,81.6,1.75,15.63,False,Kolkata,teacher,Low
45,65.5,1.69,41.11,True,Chennai,retired,Medium
20,75.5,1.56,44.06,True,Lucknow,unemployed,Medium
43,69.6,1.78,6.0,True,Hyderabad,engineer,Medium
22,119.0,1.51,7.68,True,Mumbai,engineer,High
23,111.3,1.66,25.86,True,Delhi,unemployed,High
58,113.8,1.71,32.02,True,Bangalore,unemployed,High
65,99.7,1.6,27.57,True,Delhi,student,High
20,72.3,1.82,35.94,False,Pune,doctor,Low
31,61.6,1.82,44.68,False,Kolkata,doctor,Low
67,84.6,1.89,43.5,True,Kolkata,teacher,High
62,96.0,1.74,40.37,False,Chennai,retired,High
23,97.9,1.5,11.38,False,Bangalore,government_job,Low
42,117.1,1.58,27.35,False,Pune,unemployed,Medium
62,112.3,1.51,25.53,False,Chennai,retired,High
40,83.6,1.81,33.49,False,Mumbai,doctor,Low
24,87.3,1.61,37.33,False,Delhi,business_owner,Low
38,73.6,1.84,27.31,True,Delhi,teacher,Medium
43,96.6,1.57,41.85,False,Delhi,teacher,Medium
43,99.4,1.83,7.67,True,Pune,doctor,High
56,96.3,1.7,28.41,False,Pune,retired,High
65,71.9,1.77,17.4,True,Mumbai,teacher,High
60,51.5,1.54,24.64,False,Delhi,business_owner,Medium
65,116.2,1.85,13.73,True,Mumbai,government_job,High
22,51.7,1.8,23.76,True,Pune,doctor,Medium
25,87.5,1.62,8.05,True,Delhi,student,Medium
32,75.7,1.65,40.89,True,Kolkata,doctor,Medium
25,96.9,1.6,23.9,True,Mumbai,teacher,High
29,94.5,1.54,45.27,False,Pune,unemployed,Medium
34,75.2,1.82,27.2,False,Chennai,engineer,Low
64,63.1,1.54,24.91,False,Delhi,student,Medium
49,79.1,1.73,21.59,False,Bangalore,retired,Low
59,119.6,1.5,40.35,False,Kolkata,student,High
20,115.4,1.82,22.45,True,Lucknow,government_job,High
57,70.4,1.57,13.56,False,Pune,doctor,Low
33,113.0,1.53,43.7,False,Pune,business_owner,Medium
46,95.7,1.58,22.97,True,Lucknow,business_owner,High
59,95.3,1.77,11.5,False,Kolkata,engineer,Medium
62,81.2,1.7,13.87,True,Kolkata,student,High
45,95.2,1.8,38.09,True,Lucknow,retired,High
18,54.0,1.59,23.02,True,Hyderabad,retired,Medium
42,75.4,1.54,33.99,True,Hyderabad,business_owner,Medium
46,117.4,1.75,49.72,True,Pune,government_job,High
28,71.7,1.51,13.19,False,Bangalore,business_owner,Low
69,91.0,1.87,1.83,False,Hyderabad,retired,Medium
33,102.2,1.78,34.8,False,Mumbai,engineer,Medium
33,92.7,1.6,32.02,True,Lucknow,engineer,High
51,103.6,1.66,3.55,False,Pune,business_owner,Medium
60,57.2,1.8,31.56,False,Bangalore,doctor,Medium
45,98.1,1.59,27.73,False,Delhi,retired,Medium
44,55.5,1.77,8.67,False,Hyderabad,student,Low
42,103.2,1.5,45.8,False,Lucknow,doctor,Medium
24,98.0,1.84,37.42,False,Mumbai,unemployed,Medium
63,105.5,1.84,37.1,True,Delhi,engineer,High
22,80.7,1.66,14.86,False,Hyderabad,retired,Low
51,51.7,1.55,18.28,False,Bangalore,student,Medium
42,76.7,1.81,33.96,True,Chennai,student,Medium
67,110.9,1.87,37.52,False,Pune,business_owner,High
68,71.9,1.64,6.54,True,Hyderabad,engineer,High
45,98.7,1.58,11.13,True,Chennai,teacher,High
25,71.6,1.66,11.05,False,Chennai,doctor,Low
34,75.2,1.69,49.49,True,Kolkata,student,Medium
21,111.4,1.55,41.22,True,Pune,doctor,High
28,54.2,1.79,34.95,False,Lucknow,government_job,Low
49,116.7,1.53,8.06,True,Hyderabad,teacher,High
29,104.0,1.65,26.24,False,Lucknow,student,Medium
64,67.5,1.61,1.88,True,Kolkata,unemployed,High
67,92.1,1.73,25.9,True,Pune,retired,High
46,76.0,1.75,47.39,True,Delhi,government_job,Medium
19,51.3,1.58,4.14,False,Delhi,engineer,Low
31,60.1,1.58,24.78,False,Kolkata,unemployed,Low
50,51.3,1.75,6.48,False,Bangalore,government_job,Low
36,69.1,1.78,17.47,False,Delhi,business_owner,Low
48,52.3,1.63,44.67,True,Bangalore,unemployed,Medium
49,119.4,1.5,42.39,True,Mumbai,government_job,High
21,70.2,1.78,2.54,False,Lucknow,student,Low
30,107.9,1.59,25.97,False,Hyderabad,engineer,Medium
26,90.7,1.51,28.03,False,Chennai,business_owner,Medium
47,66.0,1.8,5.37,True,Bangalore,doctor,Medium
41,63.5,1.85,10.47,False,Kolkata,business_owner,Low
23,109.6,1.84,49.01,False,Mumbai,doctor,Medium
22,99.2,1.73,40.9,True,Lucknow,unemployed,High
29,109.5,1.53,42.68,False,Bangalore,doctor,Medium
47,105.6,1.61,22.58,False,Bangalore,government_job,Medium
22,70.8,1.8,42.65,True,Hyderabad,student,Medium
34,113.3,1.6,16.6,False,Pune,teacher,Medium
38,108.7,1.85,24.82,True,Mumbai,student,High
47,99.8,1.52,19.5,True,Delhi,business_owner,High
50,68.0,1.87,40.09,True,Chennai,retired,Medium
38,50.5,1.56,17.6,False,Hyderabad,retired,Low
54,92.4,1.65,8.39,True,Mumbai,engineer,High
65,56.8,1.81,47.96,True,Delhi,business_owner,High
23,98.1,1.77,17.05,False,Delhi,student,Medium
18,112.6,1.8,22.61,True,Lucknow,doctor,High
48,68.0,1.51,32.5,False,Mumbai,doctor,Low
56,72.0,1.7,25.11,True,Delhi,teacher,High
24,116.8,1.58,38.09,True,Kolkata,teacher,High
50,109.5,1.7,33.85,False,Lucknow,doctor,Medium
53,67.2,1.61,15.94,False,Hyderabad,business_owner,Medium
24,87.4,1.84,21.62,False,Pune,engineer,Low
53,104.1,1.82,23.8,True,Bangalore,teacher,High
64,61.6,1.57,3.42,True,Pune,doctor,High
59,113.0,1.86,38.79,False,Mumbai,government_job,High
20,61.1,1.56,46.86,True,Hyderabad,student,Medium
46,101.9,1.71,12.66,True,Pune,engineer,High
22,71.5,1.54,36.64,True,Kolkata,unemployed,Medium
55,74.1,1.71,43.42,True,Chennai,unemployed,High
59,112.6,1.77,7.62,False,Kolkata,unemployed,Medium
57,67.5,1.75,7.17,False,Hyderabad,student,Low
44,56.7,1.86,5.99,True,Chennai,engineer,Medium
55,89.1,1.5,30.34,False,Mumbai,student,Medium
43,117.7,1.6,42.45,False,Bangalore,teacher,Medium
62,106.1,1.83,17.89,True,Hyderabad,business_owner,High
60,75.8,1.52,19.74,False,Bangalore,government_job,Medium
24,56.8,1.84,11.14,True,Chennai,student,Medium
24,53.0,1.53,43.54,False,Lucknow,government_job,Low
31,68.0,1.51,21.47,True,Pune,unemployed,Medium
69,87.2,1.88,15.0,True,Pune,business_owner,High
47,56.1,1.66,40.14,False,Mumbai,unemployed,Low
30,60.8,1.86,10.28,True,Pune,retired,Medium
29,66.2,1.56,11.37,False,Pune,student,Low
62,103.3,1.75,39.56,True,Kolkata,engineer,High
22,114.6,1.55,44.49,False,Pune,retired,Medium
19,94.8,1.62,48.24,False,Bangalore,business_owner,Medium
69,98.6,1.87,24.92,True,Chennai,student,High
28,98.9,1.69,11.51,False,Pune,teacher,Low
33,65.6,1.74,24.64,True,Chennai,business_owner,Medium
59,109.4,1.79,45.88,True,Hyderabad,government_job,High
60,113.8,1.81,14.66,False,Delhi,engineer,Medium
29,116.7,1.64,30.06,True,Chennai,student,High
56,114.1,1.81,37.69,True,Delhi,business_owner,High
63,106.2,1.81,3.82,True,Pune,student,High
51,79.8,1.65,10.01,True,Kolkata,unemployed,High
51,110.1,1.62,44.46,False,Kolkata,retired,High
33,64.6,1.61,27.7,True,Pune,retired,Medium
67,90.0,1.58,27.01,True,Chennai,student,High
26,86.8,1.59,17.68,False,Chennai,engineer,Low
21,63.7,1.56,27.82,True,Pune,student,Medium
19,107.7,1.79,10.93,True,Lucknow,engineer,High
65,118.6,1.6,9.36,True,Bangalore,business_owner,High
45,75.3,1.76,10.74,True,Mumbai,teacher,Medium
29,91.5,1.85,40.42,False,Lucknow,doctor,Medium
61,111.1,1.86,47.53,False,Kolkata,engineer,High
62,84.4,1.81,22.89,True,Lucknow,student,High
39,99.1,1.86,26.81,True,Pune,teacher,High
30,73.4,1.57,14.93,True,Mumbai,unemployed,Medium
59,105.1,1.88,15.1,False,Bangalore,government_job,High
19,95.6,1.89,14.23,True,Hyderabad,unemployed,High
34,55.8,1.89,17.16,False,Hyderabad,teacher,Low
67,115.4,1.77,30.99,True,Kolkata,retired,High
30,85.4,1.74,44.87,True,Bangalore,business_owner,Medium
52,62.9,1.53,43.97,False,Kolkata,student,Medium
57,63.3,1.63,16.69,False,Delhi,business_owner,Medium
38,114.9,1.65,34.95,True,Pune,unemployed,High
37,58.9,1.69,19.67,False,Pune,business_owner,Low
31,57.7,1.87,30.38,True,Mumbai,business_owner,Medium
37,63.8,1.54,48.34,True,Pune,doctor,Medium
25,95.0,1.64,39.09,False,Kolkata,business_owner,Medium
57,60.7,1.79,24.84,False,Chennai,student,Medium
62,68.6,1.9,28.25,True,Delhi,unemployed,High
47,95.3,1.76,6.07,True,Pune,government_job,High
39,85.9,1.64,7.58,True,Delhi,retired,Medium
38,78.9,1.66,1.29,False,Chennai,government_job,Low
23,76.2,1.52,19.56,False,Chennai,business_owner,Low
21,107.0,1.67,22.5,False,Mumbai,retired,Medium
68,67.9,1.69,31.01,True,Lucknow,retired,High
64,114.0,1.73,46.7,True,Delhi,retired,High
53,114.6,1.85,25.52,True,Hyderabad,retired,High
53,98.6,1.52,40.84,False,Kolkata,student,High
46,87.3,1.61,23.06,False,Pune,government_job,Low
67,81.0,1.8,6.31,False,Mumbai,student,Low
68,51.3,1.69,46.6,False,Delhi,government_job,Medium
25,94.4,1.58,35.72,True,Kolkata,retired,High
47,117.0,1.58,14.81,False,Bangalore,engineer,Low
68,78.4,1.8,25.62,True,Chennai,government_job,High
35,93.7,1.89,8.47,False,Hyderabad,student,Low
37,59.6,1.51,26.24,False,Hyderabad,government_job,Low
45,60.6,1.62,7.08,False,Lucknow,teacher,Low
67,117.9,1.75,49.2,True,Chennai,business_owner,High
48,82.4,1.82,49.21,False,Hyderabad,unemployed,Low
28,90.8,1.87,31.03,False,Pune,student,Medium
25,77.7,1.67,8.07,False,Lucknow,student,Low
59,116.9,1.63,41.56,False,Kolkata,retired,High
62,63.2,1.86,39.98,False,Delhi,government_job,Medium
24,87.5,1.69,47.77,False,Delhi,student,Low
27,56.7,1.68,38.25,True,Lucknow,doctor,Medium
19,93.7,1.66,37.86,False,Bangalore,student,Medium
66,108.2,1.76,42.78,True,Pune,doctor,High
29,104.0,1.71,13.73,True,Lucknow,unemployed,High
36,86.6,1.77,42.51,True,Hyderabad,student,Medium
64,65.9,1.62,12.09,True,Hyderabad,government_job,High
38,69.9,1.85,28.3,False,Chennai,doctor,Low
65,97.7,1.59,23.4,True,Bangalore,teacher,High
64,101.2,1.58,1.55,False,Lucknow,government_job,Medium
61,64.3,1.86,48.25,True,Hyderabad,doctor,High
34,51.2,1.57,26.42,True,Delhi,student,Medium
52,72.9,1.88,13.81,False,Chennai,doctor,Low
27,114.5,1.65,44.41,True,Bangalore,doctor,High
31,61.4,1.81,7.42,True,Mumbai,student,Medium
55,57.4,1.68,13.69,False,Kolkata,student,Low
46,51.0,1.72,30.49,False,Lucknow,engineer,Low
69,114.1,1.66,22.98,False,Hyderabad,government_job,High
43,116.3,1.59,17.67,True,Kolkata,teacher,High
30,86.1,1.84,5.33,True,Lucknow,retired,Medium
31,50.9,1.53,6.69,False,Pune,engineer,Low
33,68.8,1.75,34.13,False,Delhi,doctor,Low
65,79.0,1.64,42.83,True,Bangalore,retired,High
61,99.6,1.78,13.1,False,Pune,student,Medium
58,65.7,1.61,45.26,True,Lucknow,student,High
34,112.4,1.74,38.53,True,Hyderabad,doctor,High
27,113.1,1.75,30.52,False,Bangalore,student,Medium
37,74.8,1.64,30.13,True,Delhi,unemployed,Medium
61,115.9,1.53,42.92,False,Mumbai,doctor,High
28,52.9,1.9,16.06,True,Hyderabad,doctor,Medium
19,85.5,1.5,10.91,True,Lucknow,government_job,Medium
60,72.7,1.61,45.62,True,Hyderabad,retired,High
42,93.0,1.81,23.03,True,Lucknow,teacher,High
55,103.2,1.84,30.99,False,Pune,doctor,High
19,86.8,1.71,22.08,True,Kolkata,government_job,Medium
40,69.5,1.63,30.21,True,Chennai,government_job,Medium
26,66.0,1.68,33.01,False,Mumbai,teacher,Low
41,109.4,1.78,13.87,True,Chennai,teacher,High
63,85.4,1.59,35.98,False,Kolkata,engineer,Medium
69,59.8,1.84,32.7,False,Mumbai,teacher,Medium
63,93.3,1.53,26.86,True,Lucknow,engineer,High
32,72.5,1.82,18.82,True,Lucknow,student,Medium
58,85.3,1.78,9.92,False,Lucknow,retired,Low
59,73.7,1.71,35.86,True,Hyderabad,business_owner,High
31,85.5,1.81,35.97,False,Delhi,doctor,Low
36,82.4,1.66,28.65,False,Lucknow,engineer,Low
23,56.9,1.88,30.3,True,Bangalore,doctor,Medium
38,78.3,1.88,19.02,False,Chennai,doctor,Low
68,97.3,1.79,20.15,False,Kolkata,business_owner,High
50,87.5,1.62,32.21,False,Pune,teacher,Low
34,75.4,1.52,17.87,True,Lucknow,student,Medium
36,64.3,1.64,27.72,False,Chennai,business_owner,Low
36,116.6,1.52,46.33,False,Lucknow,doctor,Medium
36,119.9,1.85,8.21,False,Hyderabad,engineer,Low
40,97.1,1.56,14.52,False,Chennai,unemployed,Low
42,87.6,1.78,4.08,True,Chennai,government_job,Medium
25,94.4,1.57,37.48,True,Mumbai,engineer,High
53,52.6,1.56,44.28,False,Delhi,teacher,Medium
49,50.3,1.58,1.85,False,Mumbai,unemployed,Low
33,50.2,1.6,27.92,False,Delhi,doctor,Low
46,68.9,1.52,22.72,False,Pune,engineer,Low
54,56.9,1.71,46.69,False,Bangalore,retired,Medium
24,77.2,1.61,14.67,False,Chennai,teacher,Low
48,75.9,1.71,48.4,False,Hyderabad,government_job,Low
47,102.1,1.64,3.67,False,Pune,retired,Low
44,74.3,1.86,1.32,False,Delhi,unemployed,Low
18,74.3,1.83,31.59,True,Bangalore,unemployed,Medium
62,51.0,1.68,44.47,False,Kolkata,government_job,Medium
31,84.4,1.57,20.04,True,Kolkata,engineer,Medium
64,113.8,1.76,8.43,True,Mumbai,business_owner,High
68,64.0,1.7,26.51,True,Chennai,doctor,High
27,68.8,1.56,27.85,True,Mumbai,business_owner,Medium
68,119.7,1.55,16.21,True,Hyderabad,business_owner,High
36,94.4,1.59,30.47,True,Pune,student,High
59,93.5,1.51,16.49,False,Delhi,business_owner,High
43,74.2,1.52,1.38,False,Pune,teacher,Low
50,67.7,1.59,47.07,False,Lucknow,teacher,Low
31,113.9,1.65,46.78,True,Delhi,retired,High
55,64.4,1.59,25.61,False,Lucknow,unemployed,Medium
28,107.2,1.59,9.66,False,Kolkata,engineer,Low
68,102.4,1.55,17.82,True,Delhi,teacher,High
18,66.2,1.54,12.96,True,Kolkata,engineer,Medium
18,95.5,1.58,38.83,True,Pune,engineer,High
45,59.2,1.68,45.16,False,Kolkata,retired,Low
19,112.4,1.58,43.13,False,Hyderabad,engineer,Medium
44,112.9,1.78,47.16,True,Mumbai,engineer,High
38,53.0,1.63,20.27,True,Chennai,doctor,Medium
61,72.4,1.74,44.8,False,Bangalore,unemployed,Medium
25,81.3,1.64,14.47,False,Delhi,retired,Low
19,113.4,1.71,12.2,False,Hyderabad,retired,Low
50,58.3,1.76,13.12,True,Lucknow,government_job,Medium
46,65.2,1.76,23.89,False,Hyderabad,business_owner,Low
40,96.5,1.62,30.84,False,Lucknow,student,Medium
59,50.9,1.77,34.24,False,Bangalore,student,Medium
35,89.0,1.53,29.92,True,Chennai,engineer,Medium
41,91.6,1.89,45.5,True,Chennai,teacher,High
41,116.1,1.9,29.65,True,Delhi,student,High
36,105.6,1.78,30.23,True,Pune,engineer,High
41,83.2,1.63,44.42,True,Hyderabad,business_owner,Medium
23,106.1,1.69,35.39,False,Pune,student,Medium
23,67.2,1.54,47.23,False,Mumbai,teacher,Low
50,102.9,1.73,2.68,False,Mumbai,business_owner,Low
64,101.6,1.55,29.9,True,Kolkata,student,High
28,73.2,1.64,15.33,True,Mumbai,business_owner,Medium
41,50.7,1.6,38.85,False,Hyderabad,business_owner,Low
69,93.3,1.75,39.98,True,Pune,unemployed,High
19,105.8,1.85,32.4,True,Lucknow,doctor,High
57,74.2,1.88,1.88,False,Kolkata,business_owner,Low
60,117.3,1.85,45.01,False,Chennai,doctor,High
27,87.3,1.86,30.8,False,Lucknow,unemployed,Low
62,93.5,1.57,46.18,True,Hyderabad,engineer,High
61,66.8,1.88,1.86,False,Pune,teacher,Low
35,102.9,1.61,19.73,True,Pune,student,High
35,52.5,1.84,8.0,False,Chennai,government_job,Low
20,106.4,1.5,11.79,True,Delhi,teacher,High
41,63.6,1.57,14.99,True,Pune,engineer,Medium
62,57.4,1.52,21.73,False,Pune,doctor,Medium
62,78.8,1.68,29.62,True,Lucknow,teacher,High
51,53.4,1.74,44.6,False,Hyderabad,teacher,Medium
37,98.5,1.68,42.15,True,Delhi,government_job,High
23,75.6,1.55,17.4,True,Bangalore,retired,Medium
25,83.1,1.57,1.29,False,Chennai,government_job,Low
51,112.0,1.84,19.25,True,Delhi,government_job,High
45,72.7,1.68,39.73,True,Hyderabad,business_owner,Medium
29,81.9,1.78,11.04,True,Chennai,student,Medium
66,102.3,1.76,31.98,True,Chennai,student,High
18,106.9,1.64,24.33,False,Pune,retired,Medium
60,85.7,1.8,28.21,False,Chennai,doctor,Medium
32,67.8,1.82,39.66,False,Hyderabad,retired,Low
57,76.5,1.79,1.5,True,Pune,government_job,High
49,100.1,1.56,25.55,False,Lucknow,business_owner,Medium
42,81.6,1.76,6.7,True,Hyderabad,unemployed,Medium
20,109.8,1.88,29.5,False,Chennai,teacher,Medium
55,95.7,1.68,40.28,False,Hyderabad,doctor,High
47,67.4,1.76,4.75,False,Bangalore,unemployed,Low
56,114.2,1.84,39.71,False,Kolkata,engineer,High
57,78.3,1.81,27.87,False,Bangalore,doctor,Medium
